,Distance,Run,Missingness,Replicate,CCC,Rand,aRand
0,mesquita_eed,uniform_halflowestscalars,70,1,0.8875455634948551,1.0,1.0
1,mesquita_eed,uniform_halflowestscalars,70,0,0.8891801285891734,1.0,1.0
2,mesquita_eed,uniform_halflowestscalars,65,1,0.8906118146321343,1.0,1.0
3,mesquita_eed,uniform_halflowestscalars,65,0,0.8886241679432114,1.0,1.0
4,mesquita_eed,uniform_halflowestscalars,60,1,0.8884776033766426,1.0,1.0
5,mesquita_eed,uniform_halflowestscalars,60,0,0.8913992147412341,1.0,1.0
6,mesquita_eed,uniform_halflowestscalars,55,1,0.8888162554586261,1.0,1.0
7,mesquita_eed,uniform_halflowestscalars,55,0,0.890996982085511,1.0,1.0
8,mesquita_eed,uniform_halflowestscalars,50,1,0.8919714726660549,1.0,1.0
9,mesquita_eed,uniform_halflowestscalars,50,0,0.8914069775258665,1.0,1.0
10,mesquita_eed,uniform_halflowestscalars,45,1,0.8921259932260092,1.0,1.0
11,mesquita_eed,uniform_halflowestscalars,45,0,0.8918642716807603,1.0,1.0
12,mesquita_eed,uniform_halflowestscalars,40,1,0.8938194270497287,1.0,1.0
13,mesquita_eed,uniform_halflowestscalars,40,0,0.8926774685504393,1.0,1.0
14,mesquita_eed,uniform_halflowestscalars,35,1,0.8933650463031335,1.0,1.0
15,mesquita_eed,uniform_halflowestscalars,35,0,0.891794545214174,1.0,1.0
16,mesquita_eed,uniform_halflowestscalars,30,1,0.8935241545739376,1.0,1.0
17,mesquita_eed,uniform_halflowestscalars,30,0,0.8909351037233685,1.0,1.0
18,mesquita_eed,uniform_halflowestscalars,25,1,0.8921386516191768,1.0,1.0
19,mesquita_eed,uniform_halflowestscalars,25,0,0.8938333625675565,1.0,1.0
20,mesquita_eed,uniform_halflowestscalars,20,1,0.8948097104773314,1.0,1.0
21,mesquita_eed,uniform_halflowestscalars,20,0,0.8950599750789103,1.0,1.0
22,mesquita_eed,uniform_halflowestscalars,15,1,0.8926209728819092,1.0,1.0
23,mesquita_eed,uniform_halflowestscalars,15,0,0.895171966403852,1.0,1.0
24,mesquita_eed,uniform_halflowestscalars,10,1,0.8947130897765215,1.0,1.0
25,mesquita_eed,uniform_halflowestscalars,10,0,0.8954323663183923,1.0,1.0
26,mesquita_eed,uniform_halflowestscalars,5,1,0.8953551119186027,1.0,1.0
27,mesquita_eed,uniform_halflowestscalars,5,0,0.8955526086054776,1.0,1.0
28,mesquita_eed,uniform_halflowestscalars,2,1,0.8957274717535515,1.0,1.0
29,mesquita_eed,uniform_halflowestscalars,2,0,0.895538654291308,1.0,1.0
30,mesquita_eed,uniform_halflowestscalars,1,1,0.895772765996436,1.0,1.0
31,mesquita_eed,uniform_halflowestscalars,1,0,0.8958026335296492,1.0,1.0
32,mesquita_eed,uniform_halflowestscalars,0,0,0.8957091767540624,1.0,1.0
33,eirola_esd_gmm,uniform_halflowestscalars,70,1,0.8463887412803909,1.0,1.0
34,eirola_esd_gmm,uniform_halflowestscalars,70,0,0.8479354786976016,1.0,1.0
35,eirola_esd_gmm,uniform_halflowestscalars,65,1,0.8486736803033686,1.0,1.0
36,eirola_esd_gmm,uniform_halflowestscalars,65,0,0.8466136106820628,1.0,1.0
37,eirola_esd_gmm,uniform_halflowestscalars,60,1,0.8468217273588453,1.0,1.0
38,eirola_esd_gmm,uniform_halflowestscalars,60,0,0.8497285779770053,1.0,1.0
39,eirola_esd_gmm,uniform_halflowestscalars,55,1,0.8465854640993,1.0,1.0
40,eirola_esd_gmm,uniform_halflowestscalars,55,0,0.849147990375836,1.0,1.0
41,eirola_esd_gmm,uniform_halflowestscalars,50,1,0.8491358276267404,1.0,1.0
42,eirola_esd_gmm,uniform_halflowestscalars,50,0,0.8485404736891737,1.0,1.0
43,eirola_esd_gmm,uniform_halflowestscalars,45,1,0.8485348320296409,1.0,1.0
44,eirola_esd_gmm,uniform_halflowestscalars,45,0,0.8483922212560386,1.0,1.0
45,eirola_esd_gmm,uniform_halflowestscalars,40,1,0.8498098571513114,1.0,1.0
46,eirola_esd_gmm,uniform_halflowestscalars,40,0,0.8488673966611464,1.0,1.0
47,eirola_esd_gmm,uniform_halflowestscalars,35,1,0.8490614741764639,1.0,1.0
48,eirola_esd_gmm,uniform_halflowestscalars,35,0,0.8479597541939128,1.0,1.0
49,eirola_esd_gmm,uniform_halflowestscalars,30,1,0.8491939319572052,1.0,1.0
50,eirola_esd_gmm,uniform_halflowestscalars,30,0,0.8467542598068687,1.0,1.0
51,eirola_esd_gmm,uniform_halflowestscalars,25,1,0.8475712685354662,1.0,1.0
52,eirola_esd_gmm,uniform_halflowestscalars,25,0,0.8488271419955842,1.0,1.0
53,eirola_esd_gmm,uniform_halflowestscalars,20,1,0.8495083768002126,1.0,1.0
54,eirola_esd_gmm,uniform_halflowestscalars,20,0,0.8497867540124182,1.0,1.0
55,eirola_esd_gmm,uniform_halflowestscalars,15,1,0.8477312933372307,1.0,1.0
56,eirola_esd_gmm,uniform_halflowestscalars,15,0,0.8497218747572651,1.0,1.0
57,eirola_esd_gmm,uniform_halflowestscalars,10,1,0.8490019035938476,1.0,1.0
58,eirola_esd_gmm,uniform_halflowestscalars,10,0,0.8496978587205464,1.0,1.0
59,eirola_esd_gmm,uniform_halflowestscalars,5,1,0.849455901682461,1.0,1.0
60,eirola_esd_gmm,uniform_halflowestscalars,5,0,0.8495880164646816,1.0,1.0
61,eirola_esd_gmm,uniform_halflowestscalars,2,1,0.8496085377241869,1.0,1.0
62,eirola_esd_gmm,uniform_halflowestscalars,2,0,0.8494051178307531,1.0,1.0
63,eirola_esd_gmm,uniform_halflowestscalars,1,1,0.8496688915755861,1.0,1.0
64,eirola_esd_gmm,uniform_halflowestscalars,1,0,0.8497121658365118,1.0,1.0
65,eirola_esd_gmm,uniform_halflowestscalars,0,0,0.8495539865150841,1.0,1.0
66,eirola_esd_mvn,uniform_halflowestscalars,70,1,0.8463887411654871,1.0,1.0
67,eirola_esd_mvn,uniform_halflowestscalars,70,0,0.8479354786694132,1.0,1.0
68,eirola_esd_mvn,uniform_halflowestscalars,65,1,0.8486736803416359,1.0,1.0
69,eirola_esd_mvn,uniform_halflowestscalars,65,0,0.846613610628464,1.0,1.0
70,eirola_esd_mvn,uniform_halflowestscalars,60,1,0.8468217273636027,1.0,1.0
71,eirola_esd_mvn,uniform_halflowestscalars,60,0,0.8497285779521601,1.0,1.0
72,eirola_esd_mvn,uniform_halflowestscalars,55,1,0.8465854641160198,1.0,1.0
73,eirola_esd_mvn,uniform_halflowestscalars,55,0,0.8491479903946226,1.0,1.0
74,eirola_esd_mvn,uniform_halflowestscalars,50,1,0.8491358276559436,1.0,1.0
75,eirola_esd_mvn,uniform_halflowestscalars,50,0,0.8485404737191834,1.0,1.0
76,eirola_esd_mvn,uniform_halflowestscalars,45,1,0.8485348320119661,1.0,1.0
77,eirola_esd_mvn,uniform_halflowestscalars,45,0,0.8483922213332209,1.0,1.0
78,eirola_esd_mvn,uniform_halflowestscalars,40,1,0.8498098571476909,1.0,1.0
79,eirola_esd_mvn,uniform_halflowestscalars,40,0,0.848867396720626,1.0,1.0
80,eirola_esd_mvn,uniform_halflowestscalars,35,1,0.8490614741772327,1.0,1.0
81,eirola_esd_mvn,uniform_halflowestscalars,35,0,0.8479597541487679,1.0,1.0
82,eirola_esd_mvn,uniform_halflowestscalars,30,1,0.8491939318814282,1.0,1.0
83,eirola_esd_mvn,uniform_halflowestscalars,30,0,0.8467542597439333,1.0,1.0
84,eirola_esd_mvn,uniform_halflowestscalars,25,1,0.8475712685177532,1.0,1.0
85,eirola_esd_mvn,uniform_halflowestscalars,25,0,0.8488271419923603,1.0,1.0
86,eirola_esd_mvn,uniform_halflowestscalars,20,1,0.8495083767833487,1.0,1.0
87,eirola_esd_mvn,uniform_halflowestscalars,20,0,0.8497867540608904,1.0,1.0
88,eirola_esd_mvn,uniform_halflowestscalars,15,1,0.8477312933202088,1.0,1.0
89,eirola_esd_mvn,uniform_halflowestscalars,15,0,0.8497218747790567,1.0,1.0
90,eirola_esd_mvn,uniform_halflowestscalars,10,1,0.8490019035926097,1.0,1.0
91,eirola_esd_mvn,uniform_halflowestscalars,10,0,0.8496978587376979,1.0,1.0
92,eirola_esd_mvn,uniform_halflowestscalars,5,1,0.8494559016807331,1.0,1.0
93,eirola_esd_mvn,uniform_halflowestscalars,5,0,0.8495880164681382,1.0,1.0
94,eirola_esd_mvn,uniform_halflowestscalars,2,1,0.8496085377267534,1.0,1.0
95,eirola_esd_mvn,uniform_halflowestscalars,2,0,0.8494051178338621,1.0,1.0
96,eirola_esd_mvn,uniform_halflowestscalars,1,1,0.8496688915752266,1.0,1.0
97,eirola_esd_mvn,uniform_halflowestscalars,1,0,0.8497121658406117,1.0,1.0
98,eirola_esd_mvn,uniform_halflowestscalars,0,0,0.8495539865150841,1.0,1.0
99,nandist_euclidean,uniform_halflowestscalars,70,1,0.8945651160515287,1.0,1.0
100,nandist_euclidean,uniform_halflowestscalars,70,0,0.8947444083890304,1.0,1.0
101,nandist_euclidean,uniform_halflowestscalars,65,1,0.894771132592526,1.0,1.0
102,nandist_euclidean,uniform_halflowestscalars,65,0,0.8941642144072854,1.0,1.0
103,nandist_euclidean,uniform_halflowestscalars,60,1,0.8948376924250384,1.0,1.0
104,nandist_euclidean,uniform_halflowestscalars,60,0,0.8971411542694351,1.0,1.0
105,nandist_euclidean,uniform_halflowestscalars,55,1,0.8957499052875111,1.0,1.0
106,nandist_euclidean,uniform_halflowestscalars,55,0,0.8952737352402794,1.0,1.0
107,nandist_euclidean,uniform_halflowestscalars,50,1,0.892789025544662,1.0,1.0
108,nandist_euclidean,uniform_halflowestscalars,50,0,0.8932398055190802,1.0,1.0
109,nandist_euclidean,uniform_halflowestscalars,45,1,0.8959546650199501,1.0,1.0
110,nandist_euclidean,uniform_halflowestscalars,45,0,0.8955345632005454,1.0,1.0
111,nandist_euclidean,uniform_halflowestscalars,40,1,0.8967277098567441,1.0,1.0
112,nandist_euclidean,uniform_halflowestscalars,40,0,0.895784548491759,1.0,1.0
113,nandist_euclidean,uniform_halflowestscalars,35,1,0.895553994954292,1.0,1.0
114,nandist_euclidean,uniform_halflowestscalars,35,0,0.8955565779551793,1.0,1.0
115,nandist_euclidean,uniform_halflowestscalars,30,1,0.8955584145371045,1.0,1.0
116,nandist_euclidean,uniform_halflowestscalars,30,0,0.8944084553303677,1.0,1.0
117,nandist_euclidean,uniform_halflowestscalars,25,1,0.8955116421991802,1.0,1.0
118,nandist_euclidean,uniform_halflowestscalars,25,0,0.8956182006079765,1.0,1.0
119,nandist_euclidean,uniform_halflowestscalars,20,1,0.8956954818815437,1.0,1.0
120,nandist_euclidean,uniform_halflowestscalars,20,0,0.896024108086056,1.0,1.0
121,nandist_euclidean,uniform_halflowestscalars,15,1,0.8957221202483424,1.0,1.0
122,nandist_euclidean,uniform_halflowestscalars,15,0,0.8961998168101418,1.0,1.0
123,nandist_euclidean,uniform_halflowestscalars,10,1,0.8948338045010482,1.0,1.0
124,nandist_euclidean,uniform_halflowestscalars,10,0,0.8960051639667472,1.0,1.0
125,nandist_euclidean,uniform_halflowestscalars,5,1,0.8955082253446693,1.0,1.0
126,nandist_euclidean,uniform_halflowestscalars,5,0,0.8958565530804592,1.0,1.0
127,nandist_euclidean,uniform_halflowestscalars,2,1,0.8957302839830009,1.0,1.0
128,nandist_euclidean,uniform_halflowestscalars,2,0,0.8955236302710805,1.0,1.0
129,nandist_euclidean,uniform_halflowestscalars,1,1,0.8958484201368011,1.0,1.0
130,nandist_euclidean,uniform_halflowestscalars,1,0,0.8959128145487163,1.0,1.0
131,nandist_euclidean,uniform_halflowestscalars,0,0,0.8957091767540624,1.0,1.0
132,dixon_pds_sqeuclidean,uniform_halflowestscalars,70,1,0.8389130534133293,1.0,1.0
133,dixon_pds_sqeuclidean,uniform_halflowestscalars,70,0,0.838064197650594,1.0,1.0
134,dixon_pds_sqeuclidean,uniform_halflowestscalars,65,1,0.8374793202935831,1.0,1.0
135,dixon_pds_sqeuclidean,uniform_halflowestscalars,65,0,0.8382376752937292,1.0,1.0
136,dixon_pds_sqeuclidean,uniform_halflowestscalars,60,1,0.8367762599804484,1.0,1.0
137,dixon_pds_sqeuclidean,uniform_halflowestscalars,60,0,0.8402193406900724,1.0,1.0
138,dixon_pds_sqeuclidean,uniform_halflowestscalars,55,1,0.8426761586628524,1.0,1.0
139,dixon_pds_sqeuclidean,uniform_halflowestscalars,55,0,0.8441424525673253,1.0,1.0
140,dixon_pds_sqeuclidean,uniform_halflowestscalars,50,1,0.8443380153073619,1.0,1.0
141,dixon_pds_sqeuclidean,uniform_halflowestscalars,50,0,0.8451018817893701,1.0,1.0
142,dixon_pds_sqeuclidean,uniform_halflowestscalars,45,1,0.8475044400016571,1.0,1.0
143,dixon_pds_sqeuclidean,uniform_halflowestscalars,45,0,0.8432980617283328,1.0,1.0
144,dixon_pds_sqeuclidean,uniform_halflowestscalars,40,1,0.8460517272655471,1.0,1.0
145,dixon_pds_sqeuclidean,uniform_halflowestscalars,40,0,0.8451936184067076,1.0,1.0
146,dixon_pds_sqeuclidean,uniform_halflowestscalars,35,1,0.8460415118725564,1.0,1.0
147,dixon_pds_sqeuclidean,uniform_halflowestscalars,35,0,0.8441511946792707,1.0,1.0
148,dixon_pds_sqeuclidean,uniform_halflowestscalars,30,1,0.8449678911965296,1.0,1.0
149,dixon_pds_sqeuclidean,uniform_halflowestscalars,30,0,0.8434710606459341,1.0,1.0
150,dixon_pds_sqeuclidean,uniform_halflowestscalars,25,1,0.8479800007170406,1.0,1.0
151,dixon_pds_sqeuclidean,uniform_halflowestscalars,25,0,0.8472282876503151,1.0,1.0
152,dixon_pds_sqeuclidean,uniform_halflowestscalars,20,1,0.8477839214597862,1.0,1.0
153,dixon_pds_sqeuclidean,uniform_halflowestscalars,20,0,0.848716650179118,1.0,1.0
154,dixon_pds_sqeuclidean,uniform_halflowestscalars,15,1,0.848269272781581,1.0,1.0
155,dixon_pds_sqeuclidean,uniform_halflowestscalars,15,0,0.8481203421036182,1.0,1.0
156,dixon_pds_sqeuclidean,uniform_halflowestscalars,10,1,0.8479674460216374,1.0,1.0
157,dixon_pds_sqeuclidean,uniform_halflowestscalars,10,0,0.8485957891781222,1.0,1.0
158,dixon_pds_sqeuclidean,uniform_halflowestscalars,5,1,0.8489232524924775,1.0,1.0
159,dixon_pds_sqeuclidean,uniform_halflowestscalars,5,0,0.8494501836052648,1.0,1.0
160,dixon_pds_sqeuclidean,uniform_halflowestscalars,2,1,0.8494470125433552,1.0,1.0
161,dixon_pds_sqeuclidean,uniform_halflowestscalars,2,0,0.8492857944761589,1.0,1.0
162,dixon_pds_sqeuclidean,uniform_halflowestscalars,1,1,0.8496092418720618,1.0,1.0
163,dixon_pds_sqeuclidean,uniform_halflowestscalars,1,0,0.8495634222751781,1.0,1.0
164,dixon_pds_sqeuclidean,uniform_halflowestscalars,0,0,0.8495539865150844,1.0,1.0
165,sqeuclidean,uniform_halflowestscalars,70,1,0.8489135041386213,1.0,1.0
166,sqeuclidean,uniform_halflowestscalars,70,0,0.8494385812901284,1.0,1.0
167,sqeuclidean,uniform_halflowestscalars,65,1,0.8491226739316968,1.0,1.0
168,sqeuclidean,uniform_halflowestscalars,65,0,0.8482397439865891,1.0,1.0
169,sqeuclidean,uniform_halflowestscalars,60,1,0.8489247239622043,1.0,1.0
170,sqeuclidean,uniform_halflowestscalars,60,0,0.85203111445182,1.0,1.0
171,sqeuclidean,uniform_halflowestscalars,55,1,0.8503458058578504,1.0,1.0
172,sqeuclidean,uniform_halflowestscalars,55,0,0.8494155649448837,1.0,1.0
173,sqeuclidean,uniform_halflowestscalars,50,1,0.8473987243447123,1.0,1.0
174,sqeuclidean,uniform_halflowestscalars,50,0,0.8481757581895574,1.0,1.0
175,sqeuclidean,uniform_halflowestscalars,45,1,0.850017185134192,1.0,1.0
176,sqeuclidean,uniform_halflowestscalars,45,0,0.8495147160166867,1.0,1.0
177,sqeuclidean,uniform_halflowestscalars,40,1,0.8508091212893362,1.0,1.0
178,sqeuclidean,uniform_halflowestscalars,40,0,0.8498726651233494,1.0,1.0
179,sqeuclidean,uniform_halflowestscalars,35,1,0.8495631672311893,1.0,1.0
180,sqeuclidean,uniform_halflowestscalars,35,0,0.8494699621075597,1.0,1.0
181,sqeuclidean,uniform_halflowestscalars,30,1,0.8497070102983142,1.0,1.0
182,sqeuclidean,uniform_halflowestscalars,30,0,0.84795348677211,1.0,1.0
183,sqeuclidean,uniform_halflowestscalars,25,1,0.8493713128172138,1.0,1.0
184,sqeuclidean,uniform_halflowestscalars,25,0,0.8495463838675454,1.0,1.0
185,sqeuclidean,uniform_halflowestscalars,20,1,0.8496853231325228,1.0,1.0
186,sqeuclidean,uniform_halflowestscalars,20,0,0.849873121806386,1.0,1.0
187,sqeuclidean,uniform_halflowestscalars,15,1,0.8496409790722168,1.0,1.0
188,sqeuclidean,uniform_halflowestscalars,15,0,0.8500953898694176,1.0,1.0
189,sqeuclidean,uniform_halflowestscalars,10,1,0.8486624032038981,1.0,1.0
190,sqeuclidean,uniform_halflowestscalars,10,0,0.8498790580813551,1.0,1.0
191,sqeuclidean,uniform_halflowestscalars,5,1,0.8493927287049735,1.0,1.0
192,sqeuclidean,uniform_halflowestscalars,5,0,0.84975439997415,1.0,1.0
193,sqeuclidean,uniform_halflowestscalars,2,1,0.8495500009275948,1.0,1.0
194,sqeuclidean,uniform_halflowestscalars,2,0,0.8493216682815208,1.0,1.0
195,sqeuclidean,uniform_halflowestscalars,1,1,0.8497252327324134,1.0,1.0
196,sqeuclidean,uniform_halflowestscalars,1,0,0.849794070924254,1.0,1.0
197,sqeuclidean,uniform_halflowestscalars,0,0,0.8495539865150844,1.0,1.0
198,mesquita_eed,uniform_lowestrowsumsonly,70,1,0.8921498224745409,1.0,1.0
199,mesquita_eed,uniform_lowestrowsumsonly,70,0,0.8932340985352702,1.0,1.0
200,mesquita_eed,uniform_lowestrowsumsonly,65,1,0.8930795022911402,1.0,1.0
201,mesquita_eed,uniform_lowestrowsumsonly,65,0,0.8924309166788813,1.0,1.0
202,mesquita_eed,uniform_lowestrowsumsonly,60,1,0.8925946000201894,1.0,1.0
203,mesquita_eed,uniform_lowestrowsumsonly,60,0,0.8920762256428024,1.0,1.0
204,mesquita_eed,uniform_lowestrowsumsonly,55,1,0.8922558892289527,1.0,1.0
205,mesquita_eed,uniform_lowestrowsumsonly,55,0,0.8929582973985375,1.0,1.0
206,mesquita_eed,uniform_lowestrowsumsonly,50,1,0.8930977665317764,1.0,1.0
207,mesquita_eed,uniform_lowestrowsumsonly,50,0,0.8924604818622941,1.0,1.0
208,mesquita_eed,uniform_lowestrowsumsonly,45,1,0.8905224616395718,1.0,1.0
209,mesquita_eed,uniform_lowestrowsumsonly,45,0,0.8930158923861626,1.0,1.0
210,mesquita_eed,uniform_lowestrowsumsonly,40,1,0.8934169219509911,1.0,1.0
211,mesquita_eed,uniform_lowestrowsumsonly,40,0,0.892923121946722,1.0,1.0
212,mesquita_eed,uniform_lowestrowsumsonly,35,1,0.8933314283971783,1.0,1.0
213,mesquita_eed,uniform_lowestrowsumsonly,35,0,0.8907702939484448,1.0,1.0
214,mesquita_eed,uniform_lowestrowsumsonly,30,1,0.8931233554312983,1.0,1.0
215,mesquita_eed,uniform_lowestrowsumsonly,30,0,0.8934545901817241,1.0,1.0
216,mesquita_eed,uniform_lowestrowsumsonly,25,1,0.8938304420043215,1.0,1.0
217,mesquita_eed,uniform_lowestrowsumsonly,25,0,0.8934023965668292,1.0,1.0
218,mesquita_eed,uniform_lowestrowsumsonly,20,1,0.8943025562314932,1.0,1.0
219,mesquita_eed,uniform_lowestrowsumsonly,20,0,0.8939715206658614,1.0,1.0
220,mesquita_eed,uniform_lowestrowsumsonly,15,1,0.8921245934275301,1.0,1.0
221,mesquita_eed,uniform_lowestrowsumsonly,15,0,0.894568371459765,1.0,1.0
222,mesquita_eed,uniform_lowestrowsumsonly,10,1,0.8955696038361887,1.0,1.0
223,mesquita_eed,uniform_lowestrowsumsonly,10,0,0.8946168648781487,1.0,1.0
224,mesquita_eed,uniform_lowestrowsumsonly,5,1,0.8952232037667387,1.0,1.0
225,mesquita_eed,uniform_lowestrowsumsonly,5,0,0.8953682140154762,1.0,1.0
226,mesquita_eed,uniform_lowestrowsumsonly,2,1,0.8953019344147588,1.0,1.0
227,mesquita_eed,uniform_lowestrowsumsonly,2,0,0.8954595749340613,1.0,1.0
228,mesquita_eed,uniform_lowestrowsumsonly,1,1,0.8955845957885114,1.0,1.0
229,mesquita_eed,uniform_lowestrowsumsonly,1,0,0.8955381231417654,1.0,1.0
230,mesquita_eed,uniform_lowestrowsumsonly,0,0,0.8957091767540624,1.0,1.0
231,eirola_esd_gmm,uniform_lowestrowsumsonly,70,1,0.8470091359269217,1.0,1.0
232,eirola_esd_gmm,uniform_lowestrowsumsonly,70,0,0.8481165197940785,1.0,1.0
233,eirola_esd_gmm,uniform_lowestrowsumsonly,65,1,0.8479672862116391,1.0,1.0
234,eirola_esd_gmm,uniform_lowestrowsumsonly,65,0,0.8475479147664405,1.0,1.0
235,eirola_esd_gmm,uniform_lowestrowsumsonly,60,1,0.8478399401455539,1.0,1.0
236,eirola_esd_gmm,uniform_lowestrowsumsonly,60,0,0.8471308148742127,1.0,1.0
237,eirola_esd_gmm,uniform_lowestrowsumsonly,55,1,0.8474247324599637,1.0,1.0
238,eirola_esd_gmm,uniform_lowestrowsumsonly,55,0,0.8479438638141967,1.0,1.0
239,eirola_esd_gmm,uniform_lowestrowsumsonly,50,1,0.8483645166980607,1.0,1.0
240,eirola_esd_gmm,uniform_lowestrowsumsonly,50,0,0.8474135454155792,1.0,1.0
241,eirola_esd_gmm,uniform_lowestrowsumsonly,45,1,0.846122722907873,1.0,1.0
242,eirola_esd_gmm,uniform_lowestrowsumsonly,45,0,0.8482768309598113,1.0,1.0
243,eirola_esd_gmm,uniform_lowestrowsumsonly,40,1,0.8488366914647908,1.0,1.0
244,eirola_esd_gmm,uniform_lowestrowsumsonly,40,0,0.8481363351042548,1.0,1.0
245,eirola_esd_gmm,uniform_lowestrowsumsonly,35,1,0.8485679204666813,1.0,1.0
246,eirola_esd_gmm,uniform_lowestrowsumsonly,35,0,0.8465617453938012,1.0,1.0
247,eirola_esd_gmm,uniform_lowestrowsumsonly,30,1,0.8480501920478718,1.0,1.0
248,eirola_esd_gmm,uniform_lowestrowsumsonly,30,0,0.8484784819584339,1.0,1.0
249,eirola_esd_gmm,uniform_lowestrowsumsonly,25,1,0.8486387936930682,1.0,1.0
250,eirola_esd_gmm,uniform_lowestrowsumsonly,25,0,0.8483033691036623,1.0,1.0
251,eirola_esd_gmm,uniform_lowestrowsumsonly,20,1,0.849124372576112,1.0,1.0
252,eirola_esd_gmm,uniform_lowestrowsumsonly,20,0,0.848653090471598,1.0,1.0
253,eirola_esd_gmm,uniform_lowestrowsumsonly,15,1,0.8471455071699276,1.0,1.0
254,eirola_esd_gmm,uniform_lowestrowsumsonly,15,0,0.8491767637402655,1.0,1.0
255,eirola_esd_gmm,uniform_lowestrowsumsonly,10,1,0.8499563872219851,1.0,1.0
256,eirola_esd_gmm,uniform_lowestrowsumsonly,10,0,0.8488786020795498,1.0,1.0
257,eirola_esd_gmm,uniform_lowestrowsumsonly,5,1,0.8492657456946225,1.0,1.0
258,eirola_esd_gmm,uniform_lowestrowsumsonly,5,0,0.8494822435872356,1.0,1.0
259,eirola_esd_gmm,uniform_lowestrowsumsonly,2,1,0.8492222662374628,1.0,1.0
260,eirola_esd_gmm,uniform_lowestrowsumsonly,2,0,0.8494175564828645,1.0,1.0
261,eirola_esd_gmm,uniform_lowestrowsumsonly,1,1,0.8494919422179249,1.0,1.0
262,eirola_esd_gmm,uniform_lowestrowsumsonly,1,0,0.849452576859215,1.0,1.0
263,eirola_esd_gmm,uniform_lowestrowsumsonly,0,0,0.8495539865150841,1.0,1.0
264,eirola_esd_mvn,uniform_lowestrowsumsonly,70,1,0.8470091359524985,1.0,1.0
265,eirola_esd_mvn,uniform_lowestrowsumsonly,70,0,0.8481165197410028,1.0,1.0
266,eirola_esd_mvn,uniform_lowestrowsumsonly,65,1,0.8479672862025903,1.0,1.0
267,eirola_esd_mvn,uniform_lowestrowsumsonly,65,0,0.8475479147918742,1.0,1.0
268,eirola_esd_mvn,uniform_lowestrowsumsonly,60,1,0.8478399401357937,1.0,1.0
269,eirola_esd_mvn,uniform_lowestrowsumsonly,60,0,0.8471308148641676,1.0,1.0
270,eirola_esd_mvn,uniform_lowestrowsumsonly,55,1,0.8474247324776427,1.0,1.0
271,eirola_esd_mvn,uniform_lowestrowsumsonly,55,0,0.847943863794984,1.0,1.0
272,eirola_esd_mvn,uniform_lowestrowsumsonly,50,1,0.8483645167018619,1.0,1.0
273,eirola_esd_mvn,uniform_lowestrowsumsonly,50,0,0.8474135454591493,1.0,1.0
274,eirola_esd_mvn,uniform_lowestrowsumsonly,45,1,0.8461227228806112,1.0,1.0
275,eirola_esd_mvn,uniform_lowestrowsumsonly,45,0,0.8482768309914477,1.0,1.0
276,eirola_esd_mvn,uniform_lowestrowsumsonly,40,1,0.8488366914994832,1.0,1.0
277,eirola_esd_mvn,uniform_lowestrowsumsonly,40,0,0.8481363351141429,1.0,1.0
278,eirola_esd_mvn,uniform_lowestrowsumsonly,35,1,0.8485679204539514,1.0,1.0
279,eirola_esd_mvn,uniform_lowestrowsumsonly,35,0,0.8465617454314326,1.0,1.0
280,eirola_esd_mvn,uniform_lowestrowsumsonly,30,1,0.8480501920921456,1.0,1.0
281,eirola_esd_mvn,uniform_lowestrowsumsonly,30,0,0.8484784819655236,1.0,1.0
282,eirola_esd_mvn,uniform_lowestrowsumsonly,25,1,0.8486387936782956,1.0,1.0
283,eirola_esd_mvn,uniform_lowestrowsumsonly,25,0,0.8483033691274382,1.0,1.0
284,eirola_esd_mvn,uniform_lowestrowsumsonly,20,1,0.8491243726059665,1.0,1.0
285,eirola_esd_mvn,uniform_lowestrowsumsonly,20,0,0.8486530905227936,1.0,1.0
286,eirola_esd_mvn,uniform_lowestrowsumsonly,15,1,0.8471455071462441,1.0,1.0
287,eirola_esd_mvn,uniform_lowestrowsumsonly,15,0,0.8491767637254677,1.0,1.0
288,eirola_esd_mvn,uniform_lowestrowsumsonly,10,1,0.849956387218358,1.0,1.0
289,eirola_esd_mvn,uniform_lowestrowsumsonly,10,0,0.8488786020618784,1.0,1.0
290,eirola_esd_mvn,uniform_lowestrowsumsonly,5,1,0.8492657457117897,1.0,1.0
291,eirola_esd_mvn,uniform_lowestrowsumsonly,5,0,0.8494822435775897,1.0,1.0
292,eirola_esd_mvn,uniform_lowestrowsumsonly,2,1,0.8492222662412898,1.0,1.0
293,eirola_esd_mvn,uniform_lowestrowsumsonly,2,0,0.849417556483697,1.0,1.0
294,eirola_esd_mvn,uniform_lowestrowsumsonly,1,1,0.8494919422156273,1.0,1.0
295,eirola_esd_mvn,uniform_lowestrowsumsonly,1,0,0.8494525768576047,1.0,1.0
296,eirola_esd_mvn,uniform_lowestrowsumsonly,0,0,0.8495539865150841,1.0,1.0
297,nandist_euclidean,uniform_lowestrowsumsonly,70,1,0.8944284743576169,1.0,1.0
298,nandist_euclidean,uniform_lowestrowsumsonly,70,0,0.8950446964170342,1.0,1.0
299,nandist_euclidean,uniform_lowestrowsumsonly,65,1,0.8949308301054093,1.0,1.0
300,nandist_euclidean,uniform_lowestrowsumsonly,65,0,0.8945009071784904,1.0,1.0
301,nandist_euclidean,uniform_lowestrowsumsonly,60,1,0.8943624407858028,1.0,1.0
302,nandist_euclidean,uniform_lowestrowsumsonly,60,0,0.8941837386906721,1.0,1.0
303,nandist_euclidean,uniform_lowestrowsumsonly,55,1,0.8946539596728206,1.0,1.0
304,nandist_euclidean,uniform_lowestrowsumsonly,55,0,0.8956540003445357,1.0,1.0
305,nandist_euclidean,uniform_lowestrowsumsonly,50,1,0.8952627683999781,1.0,1.0
306,nandist_euclidean,uniform_lowestrowsumsonly,50,0,0.8945225482906138,1.0,1.0
307,nandist_euclidean,uniform_lowestrowsumsonly,45,1,0.8953118691884485,1.0,1.0
308,nandist_euclidean,uniform_lowestrowsumsonly,45,0,0.895172840307844,1.0,1.0
309,nandist_euclidean,uniform_lowestrowsumsonly,40,1,0.8958011750567207,1.0,1.0
310,nandist_euclidean,uniform_lowestrowsumsonly,40,0,0.8951491933491836,1.0,1.0
311,nandist_euclidean,uniform_lowestrowsumsonly,35,1,0.8951525383455736,1.0,1.0
312,nandist_euclidean,uniform_lowestrowsumsonly,35,0,0.8946816512280911,1.0,1.0
313,nandist_euclidean,uniform_lowestrowsumsonly,30,1,0.8950664520483991,1.0,1.0
314,nandist_euclidean,uniform_lowestrowsumsonly,30,0,0.8955488399540789,1.0,1.0
315,nandist_euclidean,uniform_lowestrowsumsonly,25,1,0.8952765811879932,1.0,1.0
316,nandist_euclidean,uniform_lowestrowsumsonly,25,0,0.8950320926397981,1.0,1.0
317,nandist_euclidean,uniform_lowestrowsumsonly,20,1,0.895166237453145,1.0,1.0
318,nandist_euclidean,uniform_lowestrowsumsonly,20,0,0.8957026947171829,1.0,1.0
319,nandist_euclidean,uniform_lowestrowsumsonly,15,1,0.895715807876028,1.0,1.0
320,nandist_euclidean,uniform_lowestrowsumsonly,15,0,0.8956798667899344,1.0,1.0
321,nandist_euclidean,uniform_lowestrowsumsonly,10,1,0.8964099566601046,1.0,1.0
322,nandist_euclidean,uniform_lowestrowsumsonly,10,0,0.895349380124129,1.0,1.0
323,nandist_euclidean,uniform_lowestrowsumsonly,5,1,0.8955513474228276,1.0,1.0
324,nandist_euclidean,uniform_lowestrowsumsonly,5,0,0.8956884948276995,1.0,1.0
325,nandist_euclidean,uniform_lowestrowsumsonly,2,1,0.895429082445352,1.0,1.0
326,nandist_euclidean,uniform_lowestrowsumsonly,2,0,0.8954853246209261,1.0,1.0
327,nandist_euclidean,uniform_lowestrowsumsonly,1,1,0.8957307932532328,1.0,1.0
328,nandist_euclidean,uniform_lowestrowsumsonly,1,0,0.8956282063693961,1.0,1.0
329,nandist_euclidean,uniform_lowestrowsumsonly,0,0,0.8957091767540624,1.0,1.0
330,dixon_pds_sqeuclidean,uniform_lowestrowsumsonly,70,1,0.8468887774558427,1.0,1.0
331,dixon_pds_sqeuclidean,uniform_lowestrowsumsonly,70,0,0.8480064881037839,1.0,1.0
332,dixon_pds_sqeuclidean,uniform_lowestrowsumsonly,65,1,0.8476489735625301,1.0,1.0
333,dixon_pds_sqeuclidean,uniform_lowestrowsumsonly,65,0,0.8473555735895174,1.0,1.0
334,dixon_pds_sqeuclidean,uniform_lowestrowsumsonly,60,1,0.8478025338982071,1.0,1.0
335,dixon_pds_sqeuclidean,uniform_lowestrowsumsonly,60,0,0.8478471610920948,1.0,1.0
336,dixon_pds_sqeuclidean,uniform_lowestrowsumsonly,55,1,0.8474156562260245,1.0,1.0
337,dixon_pds_sqeuclidean,uniform_lowestrowsumsonly,55,0,0.848001697068629,1.0,1.0
338,dixon_pds_sqeuclidean,uniform_lowestrowsumsonly,50,1,0.8485684917245288,1.0,1.0
339,dixon_pds_sqeuclidean,uniform_lowestrowsumsonly,50,0,0.8478936070152865,1.0,1.0
340,dixon_pds_sqeuclidean,uniform_lowestrowsumsonly,45,1,0.8486351786529036,1.0,1.0
341,dixon_pds_sqeuclidean,uniform_lowestrowsumsonly,45,0,0.848400170415905,1.0,1.0
342,dixon_pds_sqeuclidean,uniform_lowestrowsumsonly,40,1,0.8488385118298782,1.0,1.0
343,dixon_pds_sqeuclidean,uniform_lowestrowsumsonly,40,0,0.8482885361855981,1.0,1.0
344,dixon_pds_sqeuclidean,uniform_lowestrowsumsonly,35,1,0.8486171344667232,1.0,1.0
345,dixon_pds_sqeuclidean,uniform_lowestrowsumsonly,35,0,0.8483293523271129,1.0,1.0
346,dixon_pds_sqeuclidean,uniform_lowestrowsumsonly,30,1,0.8480401517494749,1.0,1.0
347,dixon_pds_sqeuclidean,uniform_lowestrowsumsonly,30,0,0.848610226731988,1.0,1.0
348,dixon_pds_sqeuclidean,uniform_lowestrowsumsonly,25,1,0.8490051590424507,1.0,1.0
349,dixon_pds_sqeuclidean,uniform_lowestrowsumsonly,25,0,0.8482811010332121,1.0,1.0
350,dixon_pds_sqeuclidean,uniform_lowestrowsumsonly,20,1,0.8489091283033807,1.0,1.0
351,dixon_pds_sqeuclidean,uniform_lowestrowsumsonly,20,0,0.8485037126012289,1.0,1.0
352,dixon_pds_sqeuclidean,uniform_lowestrowsumsonly,15,1,0.8490173748221204,1.0,1.0
353,dixon_pds_sqeuclidean,uniform_lowestrowsumsonly,15,0,0.849502186912442,1.0,1.0
354,dixon_pds_sqeuclidean,uniform_lowestrowsumsonly,10,1,0.8499436271173777,1.0,1.0
355,dixon_pds_sqeuclidean,uniform_lowestrowsumsonly,10,0,0.8488345075271138,1.0,1.0
356,dixon_pds_sqeuclidean,uniform_lowestrowsumsonly,5,1,0.8492392389331289,1.0,1.0
357,dixon_pds_sqeuclidean,uniform_lowestrowsumsonly,5,0,0.8497158481584061,1.0,1.0
358,dixon_pds_sqeuclidean,uniform_lowestrowsumsonly,2,1,0.8490289620013586,1.0,1.0
359,dixon_pds_sqeuclidean,uniform_lowestrowsumsonly,2,0,0.8493960993963443,1.0,1.0
360,dixon_pds_sqeuclidean,uniform_lowestrowsumsonly,1,1,0.8495589052544934,1.0,1.0
361,dixon_pds_sqeuclidean,uniform_lowestrowsumsonly,1,0,0.8494778180523099,1.0,1.0
362,dixon_pds_sqeuclidean,uniform_lowestrowsumsonly,0,0,0.8495539865150844,1.0,1.0
363,sqeuclidean,uniform_lowestrowsumsonly,70,1,0.847495216073286,1.0,1.0
364,sqeuclidean,uniform_lowestrowsumsonly,70,0,0.8482296853420532,1.0,1.0
365,sqeuclidean,uniform_lowestrowsumsonly,65,1,0.8480237370237707,1.0,1.0
366,sqeuclidean,uniform_lowestrowsumsonly,65,0,0.8475323642122542,1.0,1.0
367,sqeuclidean,uniform_lowestrowsumsonly,60,1,0.8475862979045202,1.0,1.0
368,sqeuclidean,uniform_lowestrowsumsonly,60,0,0.847264260600719,1.0,1.0
369,sqeuclidean,uniform_lowestrowsumsonly,55,1,0.8477519178172559,1.0,1.0
370,sqeuclidean,uniform_lowestrowsumsonly,55,0,0.8488770705310983,1.0,1.0
371,sqeuclidean,uniform_lowestrowsumsonly,50,1,0.8484965187884246,1.0,1.0
372,sqeuclidean,uniform_lowestrowsumsonly,50,0,0.847573356493468,1.0,1.0
373,sqeuclidean,uniform_lowestrowsumsonly,45,1,0.8486368308252936,1.0,1.0
374,sqeuclidean,uniform_lowestrowsumsonly,45,0,0.8485993411524899,1.0,1.0
375,sqeuclidean,uniform_lowestrowsumsonly,40,1,0.8493850898795043,1.0,1.0
376,sqeuclidean,uniform_lowestrowsumsonly,40,0,0.8485491476139942,1.0,1.0
377,sqeuclidean,uniform_lowestrowsumsonly,35,1,0.848519730774542,1.0,1.0
378,sqeuclidean,uniform_lowestrowsumsonly,35,0,0.8480759325587619,1.0,1.0
379,sqeuclidean,uniform_lowestrowsumsonly,30,1,0.848642922754624,1.0,1.0
380,sqeuclidean,uniform_lowestrowsumsonly,30,0,0.8490407129883794,1.0,1.0
381,sqeuclidean,uniform_lowestrowsumsonly,25,1,0.8487694316501364,1.0,1.0
382,sqeuclidean,uniform_lowestrowsumsonly,25,0,0.8485462704606732,1.0,1.0
383,sqeuclidean,uniform_lowestrowsumsonly,20,1,0.8488352522306882,1.0,1.0
384,sqeuclidean,uniform_lowestrowsumsonly,20,0,0.8493896089045146,1.0,1.0
385,sqeuclidean,uniform_lowestrowsumsonly,15,1,0.8493232507876128,1.0,1.0
386,sqeuclidean,uniform_lowestrowsumsonly,15,0,0.8494142102280484,1.0,1.0
387,sqeuclidean,uniform_lowestrowsumsonly,10,1,0.8503514913311843,1.0,1.0
388,sqeuclidean,uniform_lowestrowsumsonly,10,0,0.8490970005329915,1.0,1.0
389,sqeuclidean,uniform_lowestrowsumsonly,5,1,0.8492767440613984,1.0,1.0
390,sqeuclidean,uniform_lowestrowsumsonly,5,0,0.8495353419337235,1.0,1.0
391,sqeuclidean,uniform_lowestrowsumsonly,2,1,0.8492363808223813,1.0,1.0
392,sqeuclidean,uniform_lowestrowsumsonly,2,0,0.8493418505977989,1.0,1.0
393,sqeuclidean,uniform_lowestrowsumsonly,1,1,0.8495733012284179,1.0,1.0
394,sqeuclidean,uniform_lowestrowsumsonly,1,0,0.8494932100039985,1.0,1.0
395,sqeuclidean,uniform_lowestrowsumsonly,0,0,0.8495539865150844,1.0,1.0
396,mesquita_eed,uniform_randomrows,70,1,0.894880256976257,1.0,1.0
397,mesquita_eed,uniform_randomrows,70,0,0.8915251530215236,1.0,1.0
398,mesquita_eed,uniform_randomrows,65,1,0.8921631017849929,1.0,1.0
399,mesquita_eed,uniform_randomrows,65,0,0.8952114126601489,1.0,1.0
400,mesquita_eed,uniform_randomrows,60,1,0.89250587983734,1.0,1.0
401,mesquita_eed,uniform_randomrows,60,0,0.8940664407590233,1.0,1.0
402,mesquita_eed,uniform_randomrows,55,1,0.8902437717645206,1.0,1.0
403,mesquita_eed,uniform_randomrows,55,0,0.8938710732355417,1.0,1.0
404,mesquita_eed,uniform_randomrows,50,1,0.8912565962358165,1.0,1.0
405,mesquita_eed,uniform_randomrows,50,0,0.8929632232499919,1.0,1.0
406,mesquita_eed,uniform_randomrows,45,1,0.8912763752798438,1.0,1.0
407,mesquita_eed,uniform_randomrows,45,0,0.891402701702382,1.0,1.0
408,mesquita_eed,uniform_randomrows,40,1,0.8946218213777412,1.0,1.0
409,mesquita_eed,uniform_randomrows,40,0,0.8912762251730004,1.0,1.0
410,mesquita_eed,uniform_randomrows,35,1,0.8910791388174324,1.0,1.0
411,mesquita_eed,uniform_randomrows,35,0,0.8933442282606281,1.0,1.0
412,mesquita_eed,uniform_randomrows,30,1,0.8936337929703002,1.0,1.0
413,mesquita_eed,uniform_randomrows,30,0,0.8950231607267594,1.0,1.0
414,mesquita_eed,uniform_randomrows,25,1,0.8939941601935422,1.0,1.0
415,mesquita_eed,uniform_randomrows,25,0,0.8946191151103968,1.0,1.0
416,mesquita_eed,uniform_randomrows,20,1,0.8923659912779851,1.0,1.0
417,mesquita_eed,uniform_randomrows,20,0,0.8942793384361558,1.0,1.0
418,mesquita_eed,uniform_randomrows,15,1,0.8950891875508937,1.0,1.0
419,mesquita_eed,uniform_randomrows,15,0,0.8947367952323247,1.0,1.0
420,mesquita_eed,uniform_randomrows,10,1,0.8957593616011866,1.0,1.0
421,mesquita_eed,uniform_randomrows,10,0,0.8953885679728553,1.0,1.0
422,mesquita_eed,uniform_randomrows,5,1,0.8951587111341834,1.0,1.0
423,mesquita_eed,uniform_randomrows,5,0,0.8950946978890824,1.0,1.0
424,mesquita_eed,uniform_randomrows,2,1,0.8956231853576183,1.0,1.0
425,mesquita_eed,uniform_randomrows,2,0,0.8955685076664892,1.0,1.0
426,mesquita_eed,uniform_randomrows,1,1,0.8956141995664164,1.0,1.0
427,mesquita_eed,uniform_randomrows,1,0,0.895612266294769,1.0,1.0
428,mesquita_eed,uniform_randomrows,0,0,0.8957091767540624,1.0,1.0
429,eirola_esd_gmm,uniform_randomrows,70,1,0.8499540306347698,1.0,1.0
430,eirola_esd_gmm,uniform_randomrows,70,0,0.846882545712571,1.0,1.0
431,eirola_esd_gmm,uniform_randomrows,65,1,0.8480698705969223,1.0,1.0
432,eirola_esd_gmm,uniform_randomrows,65,0,0.8504613462796453,1.0,1.0
433,eirola_esd_gmm,uniform_randomrows,60,1,0.8481371632888869,1.0,1.0
434,eirola_esd_gmm,uniform_randomrows,60,0,0.8497816798696919,1.0,1.0
435,eirola_esd_gmm,uniform_randomrows,55,1,0.8463406288943922,1.0,1.0
436,eirola_esd_gmm,uniform_randomrows,55,0,0.8499074994270615,1.0,1.0
437,eirola_esd_gmm,uniform_randomrows,50,1,0.8474034023719696,1.0,1.0
438,eirola_esd_gmm,uniform_randomrows,50,0,0.8482167132830911,1.0,1.0
439,eirola_esd_gmm,uniform_randomrows,45,1,0.8473790014672282,1.0,1.0
440,eirola_esd_gmm,uniform_randomrows,45,0,0.8474502040498901,1.0,1.0
441,eirola_esd_gmm,uniform_randomrows,40,1,0.850123998584345,1.0,1.0
442,eirola_esd_gmm,uniform_randomrows,40,0,0.8472030765485618,1.0,1.0
443,eirola_esd_gmm,uniform_randomrows,35,1,0.846701706880738,1.0,1.0
444,eirola_esd_gmm,uniform_randomrows,35,0,0.8486636539776764,1.0,1.0
445,eirola_esd_gmm,uniform_randomrows,30,1,0.8486969351966385,1.0,1.0
446,eirola_esd_gmm,uniform_randomrows,30,0,0.8502249233176012,1.0,1.0
447,eirola_esd_gmm,uniform_randomrows,25,1,0.8487067966895792,1.0,1.0
448,eirola_esd_gmm,uniform_randomrows,25,0,0.849461732448517,1.0,1.0
449,eirola_esd_gmm,uniform_randomrows,20,1,0.8479136290570857,1.0,1.0
450,eirola_esd_gmm,uniform_randomrows,20,0,0.8491345541715567,1.0,1.0
451,eirola_esd_gmm,uniform_randomrows,15,1,0.8495778186733625,1.0,1.0
452,eirola_esd_gmm,uniform_randomrows,15,0,0.8492291230314831,1.0,1.0
453,eirola_esd_gmm,uniform_randomrows,10,1,0.8500208453066769,1.0,1.0
454,eirola_esd_gmm,uniform_randomrows,10,0,0.8496995378039589,1.0,1.0
455,eirola_esd_gmm,uniform_randomrows,5,1,0.8492304526093644,1.0,1.0
456,eirola_esd_gmm,uniform_randomrows,5,0,0.8491310654785031,1.0,1.0
457,eirola_esd_gmm,uniform_randomrows,2,1,0.8496349564042835,1.0,1.0
458,eirola_esd_gmm,uniform_randomrows,2,0,0.849478224558126,1.0,1.0
459,eirola_esd_gmm,uniform_randomrows,1,1,0.849484402812818,1.0,1.0
460,eirola_esd_gmm,uniform_randomrows,1,0,0.8495110839069879,1.0,1.0
461,eirola_esd_gmm,uniform_randomrows,0,0,0.8495539865150841,1.0,1.0
462,eirola_esd_mvn,uniform_randomrows,70,1,0.8499540306208794,1.0,1.0
463,eirola_esd_mvn,uniform_randomrows,70,0,0.8468825457199471,1.0,1.0
464,eirola_esd_mvn,uniform_randomrows,65,1,0.8480698705876362,1.0,1.0
465,eirola_esd_mvn,uniform_randomrows,65,0,0.8504613462718906,1.0,1.0
466,eirola_esd_mvn,uniform_randomrows,60,1,0.8481371633338548,1.0,1.0
467,eirola_esd_mvn,uniform_randomrows,60,0,0.8497816798877217,1.0,1.0
468,eirola_esd_mvn,uniform_randomrows,55,1,0.8463406289040882,1.0,1.0
469,eirola_esd_mvn,uniform_randomrows,55,0,0.849907499435669,1.0,1.0
470,eirola_esd_mvn,uniform_randomrows,50,1,0.8474034023687973,1.0,1.0
471,eirola_esd_mvn,uniform_randomrows,50,0,0.8482167132759169,1.0,1.0
472,eirola_esd_mvn,uniform_randomrows,45,1,0.8473790014657209,1.0,1.0
473,eirola_esd_mvn,uniform_randomrows,45,0,0.8474502040434317,1.0,1.0
474,eirola_esd_mvn,uniform_randomrows,40,1,0.8501239985895457,1.0,1.0
475,eirola_esd_mvn,uniform_randomrows,40,0,0.8472030765277017,1.0,1.0
476,eirola_esd_mvn,uniform_randomrows,35,1,0.8467017068766053,1.0,1.0
477,eirola_esd_mvn,uniform_randomrows,35,0,0.8486636539912429,1.0,1.0
478,eirola_esd_mvn,uniform_randomrows,30,1,0.8486969351946634,1.0,1.0
479,eirola_esd_mvn,uniform_randomrows,30,0,0.8502249233546852,1.0,1.0
480,eirola_esd_mvn,uniform_randomrows,25,1,0.8487067966619288,1.0,1.0
481,eirola_esd_mvn,uniform_randomrows,25,0,0.8494617324357068,1.0,1.0
482,eirola_esd_mvn,uniform_randomrows,20,1,0.847913629068182,1.0,1.0
483,eirola_esd_mvn,uniform_randomrows,20,0,0.849134554187605,1.0,1.0
484,eirola_esd_mvn,uniform_randomrows,15,1,0.8495778186718463,1.0,1.0
485,eirola_esd_mvn,uniform_randomrows,15,0,0.8492291230455687,1.0,1.0
486,eirola_esd_mvn,uniform_randomrows,10,1,0.85002084530362,1.0,1.0
487,eirola_esd_mvn,uniform_randomrows,10,0,0.8496995378021864,1.0,1.0
488,eirola_esd_mvn,uniform_randomrows,5,1,0.8492304526238865,1.0,1.0
489,eirola_esd_mvn,uniform_randomrows,5,0,0.849131065480889,1.0,1.0
490,eirola_esd_mvn,uniform_randomrows,2,1,0.8496349564016564,1.0,1.0
491,eirola_esd_mvn,uniform_randomrows,2,0,0.8494782245541244,1.0,1.0
492,eirola_esd_mvn,uniform_randomrows,1,1,0.8494844028115514,1.0,1.0
493,eirola_esd_mvn,uniform_randomrows,1,0,0.8495110839038478,1.0,1.0
494,eirola_esd_mvn,uniform_randomrows,0,0,0.8495539865150841,1.0,1.0
495,nandist_euclidean,uniform_randomrows,70,1,0.8961645066440065,1.0,1.0
496,nandist_euclidean,uniform_randomrows,70,0,0.8945928777027142,1.0,1.0
497,nandist_euclidean,uniform_randomrows,65,1,0.8965370658070595,1.0,1.0
498,nandist_euclidean,uniform_randomrows,65,0,0.897198577570766,1.0,1.0
499,nandist_euclidean,uniform_randomrows,60,1,0.8950073135491317,1.0,1.0
500,nandist_euclidean,uniform_randomrows,60,0,0.8961145932998147,1.0,1.0
501,nandist_euclidean,uniform_randomrows,55,1,0.8949104356737332,1.0,1.0
502,nandist_euclidean,uniform_randomrows,55,0,0.8961772364496463,1.0,1.0
503,nandist_euclidean,uniform_randomrows,50,1,0.895506035010621,1.0,1.0
504,nandist_euclidean,uniform_randomrows,50,0,0.8947296122198172,1.0,1.0
505,nandist_euclidean,uniform_randomrows,45,1,0.8950830269895927,1.0,1.0
506,nandist_euclidean,uniform_randomrows,45,0,0.8948419692616744,1.0,1.0
507,nandist_euclidean,uniform_randomrows,40,1,0.8974749992304878,1.0,1.0
508,nandist_euclidean,uniform_randomrows,40,0,0.8955596438244574,1.0,1.0
509,nandist_euclidean,uniform_randomrows,35,1,0.8924885763522175,1.0,1.0
510,nandist_euclidean,uniform_randomrows,35,0,0.8957053182678341,1.0,1.0
511,nandist_euclidean,uniform_randomrows,30,1,0.8951532533950883,1.0,1.0
512,nandist_euclidean,uniform_randomrows,30,0,0.8966496543732162,1.0,1.0
513,nandist_euclidean,uniform_randomrows,25,1,0.8952162841526998,1.0,1.0
514,nandist_euclidean,uniform_randomrows,25,0,0.8959001801817014,1.0,1.0
515,nandist_euclidean,uniform_randomrows,20,1,0.8958242904565081,1.0,1.0
516,nandist_euclidean,uniform_randomrows,20,0,0.8957194679145902,1.0,1.0
517,nandist_euclidean,uniform_randomrows,15,1,0.8930301917669413,1.0,1.0
518,nandist_euclidean,uniform_randomrows,15,0,0.8955414038641363,1.0,1.0
519,nandist_euclidean,uniform_randomrows,10,1,0.8962237454028436,1.0,1.0
520,nandist_euclidean,uniform_randomrows,10,0,0.8962303691413296,1.0,1.0
521,nandist_euclidean,uniform_randomrows,5,1,0.8953374780700232,1.0,1.0
522,nandist_euclidean,uniform_randomrows,5,0,0.8952444032026291,1.0,1.0
523,nandist_euclidean,uniform_randomrows,2,1,0.8958151034099816,1.0,1.0
524,nandist_euclidean,uniform_randomrows,2,0,0.8958473800523488,1.0,1.0
525,nandist_euclidean,uniform_randomrows,1,1,0.8956972187057978,1.0,1.0
526,nandist_euclidean,uniform_randomrows,1,0,0.8956950322994331,1.0,1.0
527,nandist_euclidean,uniform_randomrows,0,0,0.8957091767540624,1.0,1.0
528,dixon_pds_sqeuclidean,uniform_randomrows,70,1,0.8501700236084935,1.0,1.0
529,dixon_pds_sqeuclidean,uniform_randomrows,70,0,0.8483525860950335,1.0,1.0
530,dixon_pds_sqeuclidean,uniform_randomrows,65,1,0.8506444494905736,1.0,1.0
531,dixon_pds_sqeuclidean,uniform_randomrows,65,0,0.8510186787310194,1.0,1.0
532,dixon_pds_sqeuclidean,uniform_randomrows,60,1,0.8491226529279106,1.0,1.0
533,dixon_pds_sqeuclidean,uniform_randomrows,60,0,0.8504042916722161,1.0,1.0
534,dixon_pds_sqeuclidean,uniform_randomrows,55,1,0.8485773391346005,1.0,1.0
535,dixon_pds_sqeuclidean,uniform_randomrows,55,0,0.8497583449953892,1.0,1.0
536,dixon_pds_sqeuclidean,uniform_randomrows,50,1,0.849518294240705,1.0,1.0
537,dixon_pds_sqeuclidean,uniform_randomrows,50,0,0.8485443937716766,1.0,1.0
538,dixon_pds_sqeuclidean,uniform_randomrows,45,1,0.8493504508742579,1.0,1.0
539,dixon_pds_sqeuclidean,uniform_randomrows,45,0,0.8486325536783457,1.0,1.0
540,dixon_pds_sqeuclidean,uniform_randomrows,40,1,0.8508585117662331,1.0,1.0
541,dixon_pds_sqeuclidean,uniform_randomrows,40,0,0.8494951077091413,1.0,1.0
542,dixon_pds_sqeuclidean,uniform_randomrows,35,1,0.8488514913269629,1.0,1.0
543,dixon_pds_sqeuclidean,uniform_randomrows,35,0,0.8496357462072024,1.0,1.0
544,dixon_pds_sqeuclidean,uniform_randomrows,30,1,0.8493344568839665,1.0,1.0
545,dixon_pds_sqeuclidean,uniform_randomrows,30,0,0.8506706088580399,1.0,1.0
546,dixon_pds_sqeuclidean,uniform_randomrows,25,1,0.849330814731163,1.0,1.0
547,dixon_pds_sqeuclidean,uniform_randomrows,25,0,0.8475421765192859,1.0,1.0
548,dixon_pds_sqeuclidean,uniform_randomrows,20,1,0.8492031948259613,1.0,1.0
549,dixon_pds_sqeuclidean,uniform_randomrows,20,0,0.8497475092574537,1.0,1.0
550,dixon_pds_sqeuclidean,uniform_randomrows,15,1,0.8498392125022993,1.0,1.0
551,dixon_pds_sqeuclidean,uniform_randomrows,15,0,0.8492473778291896,1.0,1.0
552,dixon_pds_sqeuclidean,uniform_randomrows,10,1,0.8503580037510667,1.0,1.0
553,dixon_pds_sqeuclidean,uniform_randomrows,10,0,0.8498008680642618,1.0,1.0
554,dixon_pds_sqeuclidean,uniform_randomrows,5,1,0.849271914573992,1.0,1.0
555,dixon_pds_sqeuclidean,uniform_randomrows,5,0,0.849372540987974,1.0,1.0
556,dixon_pds_sqeuclidean,uniform_randomrows,2,1,0.8495372534263925,1.0,1.0
557,dixon_pds_sqeuclidean,uniform_randomrows,2,0,0.8496083962110206,1.0,1.0
558,dixon_pds_sqeuclidean,uniform_randomrows,1,1,0.8495938805290519,1.0,1.0
559,dixon_pds_sqeuclidean,uniform_randomrows,1,0,0.8496395307091228,1.0,1.0
560,dixon_pds_sqeuclidean,uniform_randomrows,0,0,0.8495539865150844,1.0,1.0
561,sqeuclidean,uniform_randomrows,70,1,0.850125399058206,1.0,1.0
562,sqeuclidean,uniform_randomrows,70,0,0.8481871333333961,1.0,1.0
563,sqeuclidean,uniform_randomrows,65,1,0.8506383935748213,1.0,1.0
564,sqeuclidean,uniform_randomrows,65,0,0.8512011598113387,1.0,1.0
565,sqeuclidean,uniform_randomrows,60,1,0.848966041433739,1.0,1.0
566,sqeuclidean,uniform_randomrows,60,0,0.8504057944260552,1.0,1.0
567,sqeuclidean,uniform_randomrows,55,1,0.8486503948002285,1.0,1.0
568,sqeuclidean,uniform_randomrows,55,0,0.8505711043912263,1.0,1.0
569,sqeuclidean,uniform_randomrows,50,1,0.8495104760522665,1.0,1.0
570,sqeuclidean,uniform_randomrows,50,0,0.8484158958785439,1.0,1.0
571,sqeuclidean,uniform_randomrows,45,1,0.849219039490124,1.0,1.0
572,sqeuclidean,uniform_randomrows,45,0,0.8486753304489993,1.0,1.0
573,sqeuclidean,uniform_randomrows,40,1,0.8517035777754589,1.0,1.0
574,sqeuclidean,uniform_randomrows,40,0,0.8495709258728793,1.0,1.0
575,sqeuclidean,uniform_randomrows,35,1,0.8468383634043468,1.0,1.0
576,sqeuclidean,uniform_randomrows,35,0,0.8497110319625298,1.0,1.0
577,sqeuclidean,uniform_randomrows,30,1,0.8488463431358028,1.0,1.0
578,sqeuclidean,uniform_randomrows,30,0,0.8506888274376546,1.0,1.0
579,sqeuclidean,uniform_randomrows,25,1,0.8488914466926102,1.0,1.0
580,sqeuclidean,uniform_randomrows,25,0,0.8498290219249702,1.0,1.0
581,sqeuclidean,uniform_randomrows,20,1,0.8498295098569276,1.0,1.0
582,sqeuclidean,uniform_randomrows,20,0,0.8495370526404822,1.0,1.0
583,sqeuclidean,uniform_randomrows,15,1,0.847514055547969,1.0,1.0
584,sqeuclidean,uniform_randomrows,15,0,0.8493260440500372,1.0,1.0
585,sqeuclidean,uniform_randomrows,10,1,0.8500915785058716,1.0,1.0
586,sqeuclidean,uniform_randomrows,10,0,0.8500455190609764,1.0,1.0
587,sqeuclidean,uniform_randomrows,5,1,0.84918133128419,1.0,1.0
588,sqeuclidean,uniform_randomrows,5,0,0.8490356443660216,1.0,1.0
589,sqeuclidean,uniform_randomrows,2,1,0.84969971162193,1.0,1.0
590,sqeuclidean,uniform_randomrows,2,0,0.8496728584725145,1.0,1.0
591,sqeuclidean,uniform_randomrows,1,1,0.8495311291752816,1.0,1.0
592,sqeuclidean,uniform_randomrows,1,0,0.8495284624038504,1.0,1.0
593,sqeuclidean,uniform_randomrows,0,0,0.8495539865150844,1.0,1.0
594,mesquita_eed,uniform_everywhere,70,1,0.8164352582755189,0.9179487179487179,0.8059701492537313
595,mesquita_eed,uniform_everywhere,70,0,0.8282606802607669,0.8564102564102564,0.6770759403832506
596,mesquita_eed,uniform_everywhere,65,1,0.8488195519455402,0.9179487179487179,0.8059701492537313
597,mesquita_eed,uniform_everywhere,65,0,0.8205296032419251,0.8564102564102564,0.6770759403832506
598,mesquita_eed,uniform_everywhere,60,1,0.8469979542993616,0.8974358974358975,0.7532270311313591
599,mesquita_eed,uniform_everywhere,60,0,0.8434484151696842,1.0,1.0
600,mesquita_eed,uniform_everywhere,55,1,0.8607432486914726,1.0,1.0
601,mesquita_eed,uniform_everywhere,55,0,0.8511540347894835,1.0,1.0
602,mesquita_eed,uniform_everywhere,50,1,0.8673739771337479,1.0,1.0
603,mesquita_eed,uniform_everywhere,50,0,0.8625736553389751,1.0,1.0
604,mesquita_eed,uniform_everywhere,45,1,0.8779859540322936,1.0,1.0
605,mesquita_eed,uniform_everywhere,45,0,0.8731965262938565,1.0,1.0
606,mesquita_eed,uniform_everywhere,40,1,0.8740815735037744,1.0,1.0
607,mesquita_eed,uniform_everywhere,40,0,0.875939546479119,1.0,1.0
608,mesquita_eed,uniform_everywhere,35,1,0.8794311548995326,1.0,1.0
609,mesquita_eed,uniform_everywhere,35,0,0.878496765399873,1.0,1.0
610,mesquita_eed,uniform_everywhere,30,1,0.8823751002405382,1.0,1.0
611,mesquita_eed,uniform_everywhere,30,0,0.8848344580108632,1.0,1.0
612,mesquita_eed,uniform_everywhere,25,1,0.8850578457173981,1.0,1.0
613,mesquita_eed,uniform_everywhere,25,0,0.8848280463815006,1.0,1.0
614,mesquita_eed,uniform_everywhere,20,1,0.8875472321773514,1.0,1.0
615,mesquita_eed,uniform_everywhere,20,0,0.8902201943875058,1.0,1.0
616,mesquita_eed,uniform_everywhere,15,1,0.885429159380871,1.0,1.0
617,mesquita_eed,uniform_everywhere,15,0,0.8891632418744453,1.0,1.0
618,mesquita_eed,uniform_everywhere,10,1,0.8918088589333045,1.0,1.0
619,mesquita_eed,uniform_everywhere,10,0,0.8905021495117171,1.0,1.0
620,mesquita_eed,uniform_everywhere,5,1,0.8937714565789786,1.0,1.0
621,mesquita_eed,uniform_everywhere,5,0,0.8950423985242032,1.0,1.0
622,mesquita_eed,uniform_everywhere,2,1,0.8952226252926654,1.0,1.0
623,mesquita_eed,uniform_everywhere,2,0,0.8953355949965456,1.0,1.0
624,mesquita_eed,uniform_everywhere,1,1,0.8957132793180105,1.0,1.0
625,mesquita_eed,uniform_everywhere,1,0,0.895404351537847,1.0,1.0
626,mesquita_eed,uniform_everywhere,0,0,0.8957091767540624,1.0,1.0
627,eirola_esd_gmm,uniform_everywhere,70,1,0.793150047177986,0.9179487179487179,0.8059701492537313
628,eirola_esd_gmm,uniform_everywhere,70,0,0.8064940905238425,0.8564102564102564,0.6770759403832506
629,eirola_esd_gmm,uniform_everywhere,65,1,0.814891918015151,0.9179487179487179,0.8059701492537313
630,eirola_esd_gmm,uniform_everywhere,65,0,0.7983525025781051,0.8564102564102564,0.6770759403832506
631,eirola_esd_gmm,uniform_everywhere,60,1,0.8163874884011543,0.8974358974358975,0.7532270311313591
632,eirola_esd_gmm,uniform_everywhere,60,0,0.817280979215339,1.0,1.0
633,eirola_esd_gmm,uniform_everywhere,55,1,0.831231127176829,1.0,1.0
634,eirola_esd_gmm,uniform_everywhere,55,0,0.8231515198702959,1.0,1.0
635,eirola_esd_gmm,uniform_everywhere,50,1,0.8353115671782927,1.0,1.0
636,eirola_esd_gmm,uniform_everywhere,50,0,0.8302075615364801,1.0,1.0
637,eirola_esd_gmm,uniform_everywhere,45,1,0.8429491624247859,1.0,1.0
638,eirola_esd_gmm,uniform_everywhere,45,0,0.8398367570375668,1.0,1.0
639,eirola_esd_gmm,uniform_everywhere,40,1,0.8402939674160348,1.0,1.0
640,eirola_esd_gmm,uniform_everywhere,40,0,0.8422182142233638,1.0,1.0
641,eirola_esd_gmm,uniform_everywhere,35,1,0.8427832538602769,1.0,1.0
642,eirola_esd_gmm,uniform_everywhere,35,0,0.8425403757746076,1.0,1.0
643,eirola_esd_gmm,uniform_everywhere,30,1,0.8448628858932616,1.0,1.0
644,eirola_esd_gmm,uniform_everywhere,30,0,0.8468846794116331,1.0,1.0
645,eirola_esd_gmm,uniform_everywhere,25,1,0.8460203156798966,1.0,1.0
646,eirola_esd_gmm,uniform_everywhere,25,0,0.8465113690923642,1.0,1.0
647,eirola_esd_gmm,uniform_everywhere,20,1,0.8468701679701243,1.0,1.0
648,eirola_esd_gmm,uniform_everywhere,20,0,0.8488972593619273,1.0,1.0
649,eirola_esd_gmm,uniform_everywhere,15,1,0.8433787607796812,1.0,1.0
650,eirola_esd_gmm,uniform_everywhere,15,0,0.8470046167072176,1.0,1.0
651,eirola_esd_gmm,uniform_everywhere,10,1,0.8479854009002159,1.0,1.0
652,eirola_esd_gmm,uniform_everywhere,10,0,0.8472570083687319,1.0,1.0
653,eirola_esd_gmm,uniform_everywhere,5,1,0.8488078560116168,1.0,1.0
654,eirola_esd_gmm,uniform_everywhere,5,0,0.8497850645334326,1.0,1.0
655,eirola_esd_gmm,uniform_everywhere,2,1,0.8494238220845606,1.0,1.0
656,eirola_esd_gmm,uniform_everywhere,2,0,0.8495021249161729,1.0,1.0
657,eirola_esd_gmm,uniform_everywhere,1,1,0.8498181324772842,1.0,1.0
658,eirola_esd_gmm,uniform_everywhere,1,0,0.8495014351388496,1.0,1.0
659,eirola_esd_gmm,uniform_everywhere,0,0,0.8495539865150841,1.0,1.0
660,eirola_esd_mvn,uniform_everywhere,70,1,0.7931500469856666,0.9179487179487179,0.8059701492537313
661,eirola_esd_mvn,uniform_everywhere,70,0,0.8064940902608919,0.8564102564102564,0.6770759403832506
662,eirola_esd_mvn,uniform_everywhere,65,1,0.8148919180181433,0.9179487179487179,0.8059701492537313
663,eirola_esd_mvn,uniform_everywhere,65,0,0.798352502565338,0.8564102564102564,0.6770759403832506
664,eirola_esd_mvn,uniform_everywhere,60,1,0.816387488537454,0.8974358974358975,0.7532270311313591
665,eirola_esd_mvn,uniform_everywhere,60,0,0.8172809789013833,1.0,1.0
666,eirola_esd_mvn,uniform_everywhere,55,1,0.8312311272424093,1.0,1.0
667,eirola_esd_mvn,uniform_everywhere,55,0,0.8231515197872785,1.0,1.0
668,eirola_esd_mvn,uniform_everywhere,50,1,0.8353115672591214,1.0,1.0
669,eirola_esd_mvn,uniform_everywhere,50,0,0.8302075611985691,1.0,1.0
670,eirola_esd_mvn,uniform_everywhere,45,1,0.8429491624112839,1.0,1.0
671,eirola_esd_mvn,uniform_everywhere,45,0,0.8398367571171648,1.0,1.0
672,eirola_esd_mvn,uniform_everywhere,40,1,0.8402939672928997,1.0,1.0
673,eirola_esd_mvn,uniform_everywhere,40,0,0.8422182141353441,1.0,1.0
674,eirola_esd_mvn,uniform_everywhere,35,1,0.8427832538693686,1.0,1.0
675,eirola_esd_mvn,uniform_everywhere,35,0,0.8425403759279632,1.0,1.0
676,eirola_esd_mvn,uniform_everywhere,30,1,0.8448628857061815,1.0,1.0
677,eirola_esd_mvn,uniform_everywhere,30,0,0.8468846793685577,1.0,1.0
678,eirola_esd_mvn,uniform_everywhere,25,1,0.8460203155820234,1.0,1.0
679,eirola_esd_mvn,uniform_everywhere,25,0,0.8465113689666908,1.0,1.0
680,eirola_esd_mvn,uniform_everywhere,20,1,0.8468701679961916,1.0,1.0
681,eirola_esd_mvn,uniform_everywhere,20,0,0.8488972593215374,1.0,1.0
682,eirola_esd_mvn,uniform_everywhere,15,1,0.8433787608551444,1.0,1.0
683,eirola_esd_mvn,uniform_everywhere,15,0,0.847004616652393,1.0,1.0
684,eirola_esd_mvn,uniform_everywhere,10,1,0.8479854008698926,1.0,1.0
685,eirola_esd_mvn,uniform_everywhere,10,0,0.8472570084065303,1.0,1.0
686,eirola_esd_mvn,uniform_everywhere,5,1,0.8488078559897091,1.0,1.0
687,eirola_esd_mvn,uniform_everywhere,5,0,0.8497850645235405,1.0,1.0
688,eirola_esd_mvn,uniform_everywhere,2,1,0.8494238220859962,1.0,1.0
689,eirola_esd_mvn,uniform_everywhere,2,0,0.8495021249287547,1.0,1.0
690,eirola_esd_mvn,uniform_everywhere,1,1,0.8498181324797913,1.0,1.0
691,eirola_esd_mvn,uniform_everywhere,1,0,0.8495014351307113,1.0,1.0
692,eirola_esd_mvn,uniform_everywhere,0,0,0.8495539865150841,1.0,1.0
693,nandist_euclidean,uniform_everywhere,70,1,0.891439711648864,1.0,1.0
694,nandist_euclidean,uniform_everywhere,70,0,0.8942895551534278,1.0,1.0
695,nandist_euclidean,uniform_everywhere,65,1,0.8790374096524822,0.9179487179487179,0.8059701492537313
696,nandist_euclidean,uniform_everywhere,65,0,0.8895826951286421,1.0,1.0
697,nandist_euclidean,uniform_everywhere,60,1,0.8890333175277005,1.0,1.0
698,nandist_euclidean,uniform_everywhere,60,0,0.892062002243344,1.0,1.0
699,nandist_euclidean,uniform_everywhere,55,1,0.8965171111345127,1.0,1.0
700,nandist_euclidean,uniform_everywhere,55,0,0.8931581739836632,1.0,1.0
701,nandist_euclidean,uniform_everywhere,50,1,0.8954698805265582,1.0,1.0
702,nandist_euclidean,uniform_everywhere,50,0,0.8918823217125182,1.0,1.0
703,nandist_euclidean,uniform_everywhere,45,1,0.8979244771263202,1.0,1.0
704,nandist_euclidean,uniform_everywhere,45,0,0.8966975204695449,1.0,1.0
705,nandist_euclidean,uniform_everywhere,40,1,0.8917229168154449,1.0,1.0
706,nandist_euclidean,uniform_everywhere,40,0,0.8956222316060706,1.0,1.0
707,nandist_euclidean,uniform_everywhere,35,1,0.8922691422054152,1.0,1.0
708,nandist_euclidean,uniform_everywhere,35,0,0.89256260477649,1.0,1.0
709,nandist_euclidean,uniform_everywhere,30,1,0.8943387444196014,1.0,1.0
710,nandist_euclidean,uniform_everywhere,30,0,0.8975610588704175,1.0,1.0
711,nandist_euclidean,uniform_everywhere,25,1,0.8951688561728284,1.0,1.0
712,nandist_euclidean,uniform_everywhere,25,0,0.89650798706679,1.0,1.0
713,nandist_euclidean,uniform_everywhere,20,1,0.8948285472338495,1.0,1.0
714,nandist_euclidean,uniform_everywhere,20,0,0.8977871750071769,1.0,1.0
715,nandist_euclidean,uniform_everywhere,15,1,0.8904441365900937,1.0,1.0
716,nandist_euclidean,uniform_everywhere,15,0,0.8946272842150069,1.0,1.0
717,nandist_euclidean,uniform_everywhere,10,1,0.8949673625077552,1.0,1.0
718,nandist_euclidean,uniform_everywhere,10,0,0.8957270364193641,1.0,1.0
719,nandist_euclidean,uniform_everywhere,5,1,0.8951839487130543,1.0,1.0
720,nandist_euclidean,uniform_everywhere,5,0,0.8964049006435328,1.0,1.0
721,nandist_euclidean,uniform_everywhere,2,1,0.8956709325614562,1.0,1.0
722,nandist_euclidean,uniform_everywhere,2,0,0.8957874764426913,1.0,1.0
723,nandist_euclidean,uniform_everywhere,1,1,0.8960882794050014,1.0,1.0
724,nandist_euclidean,uniform_everywhere,1,0,0.8959867397746994,1.0,1.0
725,nandist_euclidean,uniform_everywhere,0,0,0.8957091767540624,1.0,1.0
726,dixon_pds_sqeuclidean,uniform_everywhere,70,1,0.8463414010471317,1.0,1.0
727,dixon_pds_sqeuclidean,uniform_everywhere,70,0,0.8516346882962039,1.0,1.0
728,dixon_pds_sqeuclidean,uniform_everywhere,65,1,0.8300091608444481,0.9179487179487179,0.8059701492537313
729,dixon_pds_sqeuclidean,uniform_everywhere,65,0,0.8466986614612431,1.0,1.0
730,dixon_pds_sqeuclidean,uniform_everywhere,60,1,0.8461465276467459,1.0,1.0
731,dixon_pds_sqeuclidean,uniform_everywhere,60,0,0.846619727630309,1.0,1.0
732,dixon_pds_sqeuclidean,uniform_everywhere,55,1,0.8472681319894426,1.0,1.0
733,dixon_pds_sqeuclidean,uniform_everywhere,55,0,0.8435708521085651,1.0,1.0
734,dixon_pds_sqeuclidean,uniform_everywhere,50,1,0.8513884541681133,1.0,1.0
735,dixon_pds_sqeuclidean,uniform_everywhere,50,0,0.8489016426974322,1.0,1.0
736,dixon_pds_sqeuclidean,uniform_everywhere,45,1,0.8494960486745533,1.0,1.0
737,dixon_pds_sqeuclidean,uniform_everywhere,45,0,0.8498374366606843,1.0,1.0
738,dixon_pds_sqeuclidean,uniform_everywhere,40,1,0.8452063155870086,1.0,1.0
739,dixon_pds_sqeuclidean,uniform_everywhere,40,0,0.8492761264451227,1.0,1.0
740,dixon_pds_sqeuclidean,uniform_everywhere,35,1,0.8488444202122768,1.0,1.0
741,dixon_pds_sqeuclidean,uniform_everywhere,35,0,0.8443761598304456,1.0,1.0
742,dixon_pds_sqeuclidean,uniform_everywhere,30,1,0.8487095530865678,1.0,1.0
743,dixon_pds_sqeuclidean,uniform_everywhere,30,0,0.8492726498450911,1.0,1.0
744,dixon_pds_sqeuclidean,uniform_everywhere,25,1,0.8483414612796136,1.0,1.0
745,dixon_pds_sqeuclidean,uniform_everywhere,25,0,0.8479759155296149,1.0,1.0
746,dixon_pds_sqeuclidean,uniform_everywhere,20,1,0.849431825668115,1.0,1.0
747,dixon_pds_sqeuclidean,uniform_everywhere,20,0,0.8524205127967956,1.0,1.0
748,dixon_pds_sqeuclidean,uniform_everywhere,15,1,0.8459214861099632,1.0,1.0
749,dixon_pds_sqeuclidean,uniform_everywhere,15,0,0.8484689121078215,1.0,1.0
750,dixon_pds_sqeuclidean,uniform_everywhere,10,1,0.8490549940035431,1.0,1.0
751,dixon_pds_sqeuclidean,uniform_everywhere,10,0,0.849001887853964,1.0,1.0
752,dixon_pds_sqeuclidean,uniform_everywhere,5,1,0.8488937665317474,1.0,1.0
753,dixon_pds_sqeuclidean,uniform_everywhere,5,0,0.8496444757036996,1.0,1.0
754,dixon_pds_sqeuclidean,uniform_everywhere,2,1,0.8495920744105755,1.0,1.0
755,dixon_pds_sqeuclidean,uniform_everywhere,2,0,0.8496502173823222,1.0,1.0
756,dixon_pds_sqeuclidean,uniform_everywhere,1,1,0.8497026427103903,1.0,1.0
757,dixon_pds_sqeuclidean,uniform_everywhere,1,0,0.8495123117192285,1.0,1.0
758,dixon_pds_sqeuclidean,uniform_everywhere,0,0,0.8495539865150844,1.0,1.0
759,sqeuclidean,uniform_everywhere,70,1,0.8455711615493263,1.0,1.0
760,sqeuclidean,uniform_everywhere,70,0,0.8484236568462185,1.0,1.0
761,sqeuclidean,uniform_everywhere,65,1,0.8313539173659865,0.9179487179487179,0.8059701492537313
762,sqeuclidean,uniform_everywhere,65,0,0.8425638008182348,1.0,1.0
763,sqeuclidean,uniform_everywhere,60,1,0.8431829953652326,1.0,1.0
764,sqeuclidean,uniform_everywhere,60,0,0.8466567778733721,1.0,1.0
765,sqeuclidean,uniform_everywhere,55,1,0.8507483563421534,1.0,1.0
766,sqeuclidean,uniform_everywhere,55,0,0.8468236822498656,1.0,1.0
767,sqeuclidean,uniform_everywhere,50,1,0.8493554210985236,1.0,1.0
768,sqeuclidean,uniform_everywhere,50,0,0.8458875051088784,1.0,1.0
769,sqeuclidean,uniform_everywhere,45,1,0.852107252796099,1.0,1.0
770,sqeuclidean,uniform_everywhere,45,0,0.8503975983290943,1.0,1.0
771,sqeuclidean,uniform_everywhere,40,1,0.8465507037432849,1.0,1.0
772,sqeuclidean,uniform_everywhere,40,0,0.8498163725714827,1.0,1.0
773,sqeuclidean,uniform_everywhere,35,1,0.8452916522629245,1.0,1.0
774,sqeuclidean,uniform_everywhere,35,0,0.8469113752835719,1.0,1.0
775,sqeuclidean,uniform_everywhere,30,1,0.8486542205406131,1.0,1.0
776,sqeuclidean,uniform_everywhere,30,0,0.8516555917118396,1.0,1.0
777,sqeuclidean,uniform_everywhere,25,1,0.8491900055235484,1.0,1.0
778,sqeuclidean,uniform_everywhere,25,0,0.8505296064243704,1.0,1.0
779,sqeuclidean,uniform_everywhere,20,1,0.8487243678072478,1.0,1.0
780,sqeuclidean,uniform_everywhere,20,0,0.8518300515073608,1.0,1.0
781,sqeuclidean,uniform_everywhere,15,1,0.8443678258555053,1.0,1.0
782,sqeuclidean,uniform_everywhere,15,0,0.848309134022792,1.0,1.0
783,sqeuclidean,uniform_everywhere,10,1,0.8489230022737246,1.0,1.0
784,sqeuclidean,uniform_everywhere,10,0,0.8494618877389101,1.0,1.0
785,sqeuclidean,uniform_everywhere,5,1,0.8490439136789045,1.0,1.0
786,sqeuclidean,uniform_everywhere,5,0,0.8502882315512152,1.0,1.0
787,sqeuclidean,uniform_everywhere,2,1,0.8494330215879402,1.0,1.0
788,sqeuclidean,uniform_everywhere,2,0,0.8496162394310465,1.0,1.0
789,sqeuclidean,uniform_everywhere,1,1,0.8499476828135519,1.0,1.0
790,sqeuclidean,uniform_everywhere,1,0,0.8498356558823938,1.0,1.0
791,sqeuclidean,uniform_everywhere,0,0,0.8495539865150844,1.0,1.0
